{
  "name": "Drewduino_I2CRelay_PCA95x5",
  "version": "0.1.0",
  "description": "Simple I2C relay library for PCA9555/PCA9535/TCA9535 (PCA95x5 compatible).",
  "keywords": [
    "i2c",
    "relay",
    "pca9555",
    "pca9535",
    "tca9535",
    "io-expander"
  ],
  "repository": {
    "type": "git",
    "url": "https://github.com/Drewduino/Drewduino_I2CRelay_PCA95x5"
  },
  "authors": [
    {
      "name": "Drewduino"
    }
  ],
  "license": "MIT",
  "frameworks": [
    "arduino"
  ],
  "platforms": "*",
  "headers": [
    "src/Drewduino_I2CRelay_PCA95x5.h"
  ]
}